{
  "accuracy": 0.9805654540207901,
  "precision": 0.9498762187108408,
  "recall": 0.9611566414102366,
  "f1": 0.9554831370861131,
  "roc_auc": 0.9976820864866409,
  "pr_auc": 0.9999999999999999,
  "tp": 31079,
  "fp": 1640,
  "tn": 115038,
  "fn": 1256,
  "fpr": 0.014055777438763092,
  "fnr": 0.03884335858976341
}