{
  "xgboost": {
    "f1": 0.9196386115073705,
    "accuracy": 0.9662,
    "roc_auc": 0.993232801095843,
    "training_time_sec": 0.1882483959197998
  },
  "random_forest": {
    "f1": 0.8944281524926686,
    "accuracy": 0.9568,
    "roc_auc": 0.9915359626810718,
    "training_time_sec": 0.18497228622436523
  },
  "logistic_regression": {
    "f1": 0.8387734915924827,
    "accuracy": 0.9348,
    "roc_auc": 0.9746738708718443,
    "training_time_sec": 6.288268089294434
  },
  "linear_svm": {
    "f1": 0.8392156862745098,
    "accuracy": 0.9344,
    "roc_auc": 0.9778945527215996,
    "training_time_sec": 0.15584707260131836
  },
  "knn": {
    "f1": 0.7845410628019324,
    "accuracy": 0.9108,
    "roc_auc": 0.9664430528599237,
    "training_time_sec": 0.0010349750518798828
  }
}