{
  "tp": 0,
  "fp": 0,
  "tn": 145765,
  "fn": 3233,
  "precision": 0.0,
  "recall": 0.0,
  "f1": 0.0,
  "accuracy": 0.9783017221707674,
  "fpr": 0.0,
  "fnr": 1.0,
  "type1_detected": 48109,
  "type2_detected": 4222,
  "type1_recall": 0.9998335483334027,
  "type2_recall": 0.9964539007092199,
  "type1_precision": 1.0,
  "type2_precision": 1.0,
  "type1_tp": 48054,
  "type1_fn": 8,
  "type2_tp": 4215,
  "type2_fn": 15,
  "lsh_candidates": 72974,
  "lsh_total_pairs": 149005,
  "lsh_reduction_ratio": 0.510258045032046,
  "step1_time_sec": 2.00007963180542,
  "step2_time_sec": 6.101628065109253,
  "step3_time_sec": 2.908989191055298,
  "step4_time_sec": 0.07384419441223145,
  "total_time_sec": 41.47537350654602
}